<?xml version="1.0" encoding="UTF-8" standalone="yes"?>
<addon id="script.program.FTVpandora"
  name="Pandora"
  version="1.0" 
  provider-name="elmerohueso">
  <requires>
    <import addon="xbmc.python" version="2.1.0"/>
  </requires>
  <extension point="xbmc.python.script" library="addon.py">
    <provides>music</provides>
  </extension>
  <extension point="xbmc.addon.metadata">
    <platform>android</platform>
    <summary lang="en">Pandora shortcut for the Amazon FireTV</summary>
    <description lang="en">Launches the Pandora app on the Amazon FireTV.  Can be added to the Home screen for quick access</description>
	<disclaimer>This only works with the Fire TV's version of Pandora.  It will not work with the general Android version.</disclaimer>
  </extension>
</addon>
