<?xml version="1.0" encoding="UTF-8"?>
<keymap>
  <Global>
    <keyboard>
      <up>Up</up>
      <down>Down</down>
      <left>Left</left>
      <right>Right</right>
      <enter>Select</enter>
      <key id="61656">ContextMenu</key>
      <play_pause>Play</play_pause>
      <backspace>Back</backspace>
      <key id="61636">PageUp</key>
      <key id="61637">PageDown</key>
    </keyboard>
  </Global>
  <Home>
    <keyboard>
      <key id="61656">XBMC.ActivateWindow(favourites)</key>
    </keyboard>
  </Home>
  <FullscreenVideo>
    <keyboard>
      <up>ChapterOrBigStepForward</up>
      <down>ChapterOrBigStepBack</down>
      <left>StepBack</left>
      <right>StepForward</right>
      <return>OSD</return>
      <key id="61656">NextSubtitle</key>
      <play_pause>Play</play_pause>
      <backspace>Stop</backspace>
      <key id="61636">Rewind</key>
      <key id="61637">FastForward</key>
    </keyboard>
  </FullscreenVideo>
  <VideoMenu>
    <keyboard>
      <backspace>Stop</backspace>
    </keyboard>
  </VideoMenu>
</keymap>