<?xml version="1.0" encoding="UTF-8"?>
<window>
	<defaultcontrol>5</defaultcontrol>
	<include>transition_Dialog</include>
	<coordinates>
		<system>1</system>
		<left>315</left>
		<top>110</top>
	</coordinates>
	<controls>
		<control type="group">
			<animation effect="fade" start="100" end="0" time="200" condition="Window.IsVisible(SliderDialog) | Window.IsVisible(FileBrowser)">Conditional</animation>
			<control type="image">
				<width>650</width>
				<height>500</height>
				<include>dialog_Window</include>
			</control>
			<control type="label" id="1">
				<width>642</width>
				<label>$LOCALIZE[5]</label>
				<include>dialog_Windowtitle</include>
			</control>
		<!--control area-->
			<control type="group">
				<left>4</left>
				<top>60</top>
				<control type="image">
					<width>642</width>
					<include>dialog_Separator</include>
				</control>
				<!--no settings-->
				<control type="label" id="3">
					<top>150</top>
					<width>642</width>
					<label>$LOCALIZE[35004]</label>
					<align>center</align>
					<include>dialog_ControlCommons</include>
				</control>
				<control type="grouplist" id="5">
					<width>642</width>
					<height>360</height>
					<itemgap>0</itemgap>
					<pagecontrol>60</pagecontrol>
					<onleft>9001</onleft>
					<onright>9001</onright>
					<onup>5</onup>
					<ondown>5</ondown>
				</control>
			</control>
		</control>
	<!--default controls-->
		<control type="sliderex" id="10">
			<include>dialog_Slider</include>
			<include>dialog_ControlCommons</include>
		</control>
		<control type="button" id="7">
			<include>dialog_ControlCommons</include>
		</control>
		<control type="radiobutton" id="8">
			<include>dialog_Radio</include>
			<include>dialog_ControlCommons</include>
		</control>
		<control type="spincontrolex" id="9">
			<include>dialog_Spin</include>
			<include>dialog_ControlCommons</include>
		</control>
	<!--dialog buttons-->
		<control type="group" id="9001">
			<left>19</left>
			<top>439</top>
			<!--defaults-->
			<control type="button" id="50">
				<label>$LOCALIZE[409]</label>
				<onup>5</onup>
				<ondown>5</ondown>
				<onleft>29</onleft>
				<onright>28</onright>
				<include>dialog_WindowButton</include>
			</control>
			<!--ok-->
			<control type="button" id="28">
				<left>363</left>
				<label>$LOCALIZE[186]</label>
				<onup>5</onup>
				<ondown>5</ondown>
				<onleft>50</onleft>
				<onright>29</onright>
				<include>dialog_WindowButton</include>
			</control>
			<!--cancel-->
			<control type="button" id="29">
				<left>493</left>
				<label>$LOCALIZE[222]</label>
				<onup>5</onup>
				<ondown>5</ondown>
				<onleft>28</onleft>
				<onright>50</onright>
				<include>dialog_WindowButton</include>
			</control>
		</control>
	</controls>
</window>