<?xml version="1.0" encoding="UTF-8"?>
<includes>	
	<include name="home_Menu">
		<control type="grouplist">
			<include>screen_Dimensions</include>
			<orientation>horizontal</orientation>
			<itemgap>0</itemgap>
			<!--make the main container not wrap by using non-existant focus control-->
			<onright>99999</onright>
			<!---->
			<scrolltime tween="Cubic" easing="Out">400</scrolltime>
			<visible>!Window.IsActive(script-globalsearch-main.xml)</visible>
		<!--MAIN MENU-->
			<control type="group" id="9109">
				<width>340</width>
				<control type="image">
					<width>340</width>
					<height>screen_Height</height>
					<texture background="true">white.png</texture>
					<colordiffuse>base_3</colordiffuse>
					<animation effect="fade" start="100" end="95" time="0" condition="!Skin.HasSetting(shelf.enabled)">Conditional</animation>
					<visible>!Skin.HasSetting(homemenu.compact) | Skin.HasSetting(shelf.enabled)</visible>
				</control>
				<control type="image">
					<width>340</width>
					<height>10</height>
					<texture background="true">white.png</texture>
					<colordiffuse>base_3</colordiffuse>
					<visible>Skin.HasSetting(homemenu.compact)</visible>
				</control>
				<control type="list" id="9110">
					<left>0</left>
					<top>10</top>
					<width>340</width>
					<height min="50" max="screen_Height">auto</height>
					<onup>9110</onup>
					<ondown>9110</ondown>
					<onright condition="Skin.HasSetting(shelf.enabled)">9120</onright>
					<onleft>RunScript(script.skinshortcuts,type=hidesubmenu&amp;mainmenuID=9110)</onleft>
					<onback>RunScript(script.skinshortcuts,type=hidesubmenu&amp;mainmenuID=9110)</onback>
					<itemgap>0</itemgap>
					<pagecontrol>80</pagecontrol>
					<include>global_ListScroll</include>
					<orientation>vertical</orientation>
					<itemlayout width="340" height="50">
						<control type="image">
							<width>340</width>
							<height>60</height>
							<texture colordiffuse="base_3">white.png</texture>
							<visible>Skin.HasSetting(homemenu.compact)</visible>
						</control>
						<control type="group">
							<left>10</left>
							<control type="image">
								<width>320</width>
								<height>49</height>
								<texture colordiffuse="base_2">white.png</texture>
								<visible>IsEmpty(ListItem.Property(isSubmenu))</visible>
							</control>
							<control type="image">
								<width>320</width>
								<height>49</height>
								<texture colordiffuse="accent_2">white.png</texture>
								<visible>!IsEmpty(ListItem.Property(isSubmenu))</visible>
							</control>
						</control>
						<control type="group">
							<left>10</left>
							<top>1</top>
							<control type="label">
								<left>15</left>
								<height>46</height>
								<font>light_Home</font>
								<textcolor>Color3</textcolor>
								<label>$INFO[ListItem.Label]</label>
							</control>
							<control type="label">
								<left>300</left>
								<height>46</height>
								<font>light_Home</font>
								<label>›</label>
								<visible>!IsEmpty(ListItem.Property(hasSubmenu))</visible>
								<visible>!StringCompare(ListItem.Property("submenuVisibility"),Window(10000).Property("submenuVisibility") )</visible>
							</control>
						</control>
					</itemlayout>
					<focusedlayout width="340" height="50">
						<control type="image">
							<width>340</width>
							<height>60</height>
							<texture colordiffuse="base_3">white.png</texture>
							<visible>Skin.HasSetting(homemenu.compact) + IsEmpty(Container(9110).ListItemNoWrap(1).Label) + Container(9110).HasFocus() + ![Window.IsActive(keyboard) | Window.IsActive(61)]</visible>
						</control>
						<control type="image">
							<width>340</width>
							<height>50</height>
							<texture colordiffuse="base_3">white.png</texture>
							<visible>Skin.HasSetting(homemenu.compact)</visible>
						</control>
						<control type="image">
							<left>10</left>
							<top>0</top>
							<width>320</width>
							<height>49</height>
							<texture colordiffuse="Color1">white.png</texture>
						</control>
						<control type="group">
							<left>10</left>
							<top>1</top>
							<control type="label">
								<left>15</left>
								<height>46</height>
								<font>light_Home</font>
								<textcolor>Focused</textcolor>
								<label>$INFO[ListItem.Label]</label>
							</control>	
							<control type="label">
								<left>300</left>
								<height>46</height>
								<font>light_Home</font>
								<textcolor>Focused</textcolor>
								<label>›</label>
								<visible>!IsEmpty(ListItem.Property(hasSubmenu))</visible>
								<visible>!StringCompare(ListItem.Property("submenuVisibility"),Window(10000).Property("submenuVisibility") )</visible>
							</control>
						</control>
					</focusedlayout>
					<content>
						 <include>skinshortcuts-allmenus</include>
					</content>
				</control>
			</control>

		<!--now playing-->
			<control type="list" id="9120">
				<include>screen_Dimensions</include>
				<onback>9110</onback>
				<onup>9120</onup>
				<ondown>9120</ondown>
				<pagecontrol>70</pagecontrol>
				<include>shelf_Container</include>
				<visible>Skin.HasSetting(shelf.enabled) + Player.HasMedia + Skin.HasSetting(home.nowplaying)</visible>
				<itemlayout width="screen_Width" height="screen_Height">
					<include>shelf_ContainerCommons</include>
				</itemlayout>
				<focusedlayout width="screen_Width" height="screen_Height">
					<include>shelf_ContainerCommons</include>
					<include>shelf_ContainerCommons-fo</include>
				</focusedlayout>
				<content>
					<item id="1">
						<property name="Title">$INFO[MusicPlayer.Title]</property>
						<property name="Info">$INFO[MusicPlayer.Artist]</property>
						<property name="Description">$INFO[MusicPlayer.Album]</property>
						<thumb background="true">$VAR[player_Fanart]</thumb>
						<onclick>ActivateWindow(visualisation)</onclick>
						<visible>Player.HasAudio</visible>
					</item>
					<item id="2">
						<property name="Title">$VAR[osd_Title]</property>
						<property name="Info">$VAR[osd_Info]</property>
						<property name="Description">$VAR[player_Plot]</property>
						<thumb background="true">$VAR[player_Fanart]</thumb>
						<onclick>ActivateWindow(fullscreenvideo)</onclick>
						<visible>Player.HasVideo</visible>
					</item>
				</content>
			</control>
			<control type="list" id="9130">
				<include>screen_Dimensions</include>
				<onback>9110</onback>
				<onup>9130</onup>
				<ondown>9130</ondown>
				<pagecontrol>70</pagecontrol>
				<include>shelf_Container</include>
				<visible allowhiddenfocus="true">Skin.HasSetting(shelf.enabled) + IntegerGreaterThan(Container(9130).NumItems,0)</visible>
				<itemlayout width="screen_Width" height="screen_Height">
					<include>shelf_ContainerCommons</include>
				</itemlayout>
				<focusedlayout width="screen_Width" height="screen_Height">
					<include>shelf_ContainerCommons</include>
					<include>shelf_ContainerCommons-fo</include>
				</focusedlayout>
				<content target="video">$VAR[shelf_Widget1Source]</content>
			</control>
			<control type="list" id="9140">
				<include>screen_Dimensions</include>
				<onback>9110</onback>
				<onup>9140</onup>
				<ondown>9140</ondown>
				<pagecontrol>71</pagecontrol>
				<preloaditems>2</preloaditems>
				<include>shelf_Container</include>
				<visible allowhiddenfocus="true">Skin.HasSetting(shelf.enabled) + IntegerGreaterThan(Container(9140).NumItems,0)</visible>
				<itemlayout width="screen_Width" height="screen_Height">
					<include>shelf_ContainerCommons</include>
				</itemlayout>
				<focusedlayout width="screen_Width" height="screen_Height">
					<include>shelf_ContainerCommons</include>
					<include>shelf_ContainerCommons-fo</include>
				</focusedlayout>
				<content target="video">$VAR[shelf_Widget2Source]</content>
			</control>
			<control type="list" id="9150">
				<include>screen_Dimensions</include>
				<onback>9110</onback>
				<onup>9150</onup>
				<ondown>9150</ondown>
				<pagecontrol>71</pagecontrol>
				<preloaditems>2</preloaditems>
				<include>shelf_Container</include>
				<visible allowhiddenfocus="true">Skin.HasSetting(shelf.enabled) + IntegerGreaterThan(Container(9150).NumItems,0)</visible>
				<itemlayout width="screen_Width" height="screen_Height">
					<include>shelf_ContainerCommons</include>
				</itemlayout>
				<focusedlayout width="screen_Width" height="screen_Height">
					<include>shelf_ContainerCommons</include>
					<include>shelf_ContainerCommons-fo</include>
				</focusedlayout>
				<content target="video">$VAR[shelf_Widget3Source]</content>
			</control>
		</control>
	<!--pagecontrol-->
		<control type="group">
			<visible>Skin.HasSetting(shelf.enabled)</visible>
			<control type="scrollbar" id="70">
				<left>1272</left>
				<height>screen_Height</height>
				<onleft>50</onleft>
				<texturesliderbar border="0">views/pagecontrol/grip-fo.png</texturesliderbar>
				<visible>Control.HasFocus(9130)</visible>
			</control>
			<control type="scrollbar" id="71">
				<left>1272</left>
				<height>screen_Height</height>
				<onleft>50</onleft>
				<texturesliderbar border="0">views/pagecontrol/grip-fo.png</texturesliderbar>
				<visible>Control.HasFocus(9140)</visible>
			</control>
		</control>
	<!--overlays-->
		<control type="group">
			<visible>[Control.HasFocus(9120) | Control.HasFocus(9130) | Control.HasFocus(9140) | Control.HasFocus(9150)] + Skin.HasSetting(shelf.enabled)</visible>
			<include>fadeinout</include>
			<control type="group">
				<left>39</left>
				<top>30</top>
				<control type="label">
					<width>950</width>
					<label>$VAR[shelf_ContainerTitle]</label>
					<font>light_Header</font>
					<textcolor>Color1</textcolor>
				</control>
				<control type="label">
					<top>32</top>
					<width>950</width>
					<label>$VAR[shelf_ContainerNumItems]</label>
					<font>regular_Small-U</font>
					<textcolor>Color3</textcolor>
				</control>
			</control>
		</control>
	</include>
</includes>