<?xml version="1.0" encoding="UTF-8"?>
<window type="dialog">
	<defaultcontrol>3</defaultcontrol>
	<include>transition_Dialog</include>
	<coordinates>
		<system>1</system>
		<left>340</left>
		<top>35</top>
	</coordinates>
	<zorder>1</zorder>
	<controls>
		<control type="group">
			<animation effect="fade" start="400" end="50" time="500" condition="Window.IsActive(virtualkeyboard)">Conditional</animation>
			<control type="image">
				<width>600</width>
				<height>650</height>
				<include>dialog_Window</include>
			</control>
			<control type="label" id="1">
				<width>592</width>
				<scroll>true</scroll>
				<include>dialog_Windowtitle</include>
			</control>
			<control type="group">
				<left>4</left>
				<top>60</top>
				<control type="image">
					<width>592</width>
					<include>dialog_Separator</include>
				</control>
				<control type="list" id="3">
					<width>592</width>
					<height>400</height>
					<onleft>5</onleft>
					<onright>5</onright>
					<onup>3</onup>
					<ondown>3</ondown>
					<include>global_ListScroll</include>
					<itemlayout height="40">
						<control type="image">
							<width>592</width>
							<include>dialog_CommonList</include>
						</control>
						<control type="label">
							<width>573</width>
							<label>$INFO[ListItem.Label]</label>
							<include>dialog_CommonListItem</include>
						</control>
					</itemlayout>
					<focusedlayout height="40">
						<control type="image">
							<width>592</width>
							<include>dialog_CommonListFocus</include>
						</control>
						<control type="label">
							<width>573</width>
							<label>$INFO[ListItem.Label]</label>
							<include>dialog_CommonListItemFocus</include>
						</control>
					</focusedlayout>
				</control>
				<control type="list" id="6">
					<top>1</top>
					<width>613</width>
					<height>504</height>
					<onleft>5</onleft>
					<onright>5</onright>
					<onup>6</onup>
					<ondown>6</ondown>
					<include>global_ListScroll</include>
					<itemlayout width="592" height="84">
						<control type="image">
							<width>592</width>
							<height>84</height>
							<include>dialog_CommonList</include>
						</control>
						<control type="image">
							<left>84</left>
							<height>84</height>
							<include>dialog_Separator-y</include>
						</control>
						<control type="image">
							<width>84</width>
							<height>84</height>
							<texture>$INFO[ListItem.Art(thumb)]</texture>
							<aspectratio align="center">keep</aspectratio>
							<visible>!IsEmpty(ListItem.Art(thumb))</visible>
						</control>
						<control type="image">
							<width>84</width>
							<height>84</height>
							<texture>$INFO[ListItem.Icon]</texture>
							<colordiffuse>Color4</colordiffuse>
							<aspectratio align="center">keep</aspectratio>
							<visible>IsEmpty(ListItem.Art(thumb))</visible>
						</control>
						<control type="group">
							<left>90</left>
							<top>7</top>
							<control type="label">
								<width>470</width>
								<label>[B]$INFO[ListItem.Label][/B]</label>
								<include>dialog_CommonListItem</include>
							</control>
							<control type="label">
								<top>25</top>
								<width>470</width>
								<label>$INFO[ListItem.Label2,, • ]$INFO[ListItem.Property(Addon.Creator),$LOCALIZE[31144] ]</label>
								<include>dialog_CommonListItem</include>
								<visible>!IsEmpty(ListItem.Property(Addon.Creator))</visible>
							</control>
							<control type="label">
								<top>25</top>
								<width>470</width>
								<label>$INFO[ListItem.Label2]</label>
								<include>dialog_CommonListItem</include>
								<visible>IsEmpty(ListItem.Property(Addon.Creator))</visible>
							</control>
						</control>
					</itemlayout>
					<focusedlayout width="592" height="84">
						<control type="image">
							<width>592</width>
							<height>84</height>
							<include>dialog_CommonListFocus</include>
						</control>
						<control type="image">
							<width>84</width>
							<height>84</height>
							<texture>$INFO[ListItem.Art(thumb)]</texture>
							<aspectratio align="center">keep</aspectratio>
							<visible>!IsEmpty(ListItem.Art(thumb))</visible>
						</control>
						<control type="image">
							<width>84</width>
							<height>84</height>
							<texture>$INFO[ListItem.Icon]</texture>
							<colordiffuse>Color1</colordiffuse>
							<aspectratio align="center">keep</aspectratio>
							<visible>IsEmpty(ListItem.Art(thumb))</visible>
						</control>
						<control type="group">
							<left>90</left>
							<top>7</top>
							<control type="label">
								<width>470</width>
								<label>[B]$INFO[ListItem.Label][/B]</label>
								<include>dialog_CommonListItemFocus</include>
							</control>
							<control type="label">
								<top>25</top>
								<width>470</width>
								<label>$INFO[ListItem.Label2,, • ]$INFO[ListItem.Property(Addon.Creator),$LOCALIZE[31144] ]</label>
								<include>dialog_CommonListItemFocus</include>
								<visible>!IsEmpty(ListItem.Property(Addon.Creator))</visible>
							</control>
							<control type="label">
								<top>25</top>
								<width>470</width>
								<label>$INFO[ListItem.Label2]</label>
								<include>dialog_CommonListItemFocus</include>
								<visible>IsEmpty(ListItem.Property(Addon.Creator))</visible>
							</control>
						</control>
					</focusedlayout>
				</control>
			</control>
		<!--manual-->
			<control type="button" id="5">
				<left>19</left>
				<top>585</top>
				<width>250</width>
				<label>$LOCALIZE[368]</label>
				<onleft>3</onleft>
				<onright>3</onright>
				<onup>3</onup>
				<ondown>3</ondown>
				<include>dialog_WindowButton</include>
			</control>
		</control>
	</controls>
</window>