<?xml version="1.0" encoding="UTF-8"?>
<window>
	<defaultcontrol always="true">5</defaultcontrol>
	<include>transition_Dialog</include>
	<coordinates>
		<system>1</system>
		<left>326</left>
		<top>108</top>
	</coordinates>
	<controls>
		<control type="image">
			<width>625</width>
			<height>505</height>
			<include>dialog_Window</include>
		</control>
		<control type="label" id="2">
			<width>617</width>
			<label>$LOCALIZE[587]</label>
			<include>dialog_Windowtitle</include>
		</control>
	<!--control area-->
		<control type="group">
			<left>4</left>
			<top>60</top>
			<control type="image">
				<width>617</width>
				<include>dialog_Separator</include>
			</control>
			<control type="grouplist" id="5">
				
				<width>617</width>
				<height>360</height>
				<itemgap>0</itemgap>
				<onup>9001</onup>
				<onright>9001</onright>
				<ondown>9001</ondown>
			</control>
		</control>
	<!--defaults-->
		<control type="button" id="7">
			<width>238</width>
			<textoffsetx>16</textoffsetx>
			<include>dialog_ControlCommons</include>
		</control>
		<control type="radiobutton" id="8">
			<textwidth>460</textwidth>
			<include>dialog_Radio</include>
		</control>
		<control type="spincontrolex" id="9">
			<include>dialog_ControlCommons</include>
			<include>dialog_Spin</include>
		</control>
		<control type="sliderex" id="10">
			<include>dialog_ControlCommons</include>
			<include>dialog_Slider</include>
		</control>
		<control type="edit" id="12">
			<include>dialog_ControlCommons</include>
		</control>
	<!--dialog buttons-->
		<control type="group" id="9001">
			<left>352</left>
			<top>440</top>
			<!--ok-->
			<control type="button" id="28">
				<label>$LOCALIZE[186]</label>
				<onup>5</onup>
				<ondown>5</ondown>
				<onleft>27</onleft>
				<onright>27</onright>
				<include>dialog_WindowButton</include>
			</control>
			<!--clear-->
			<control type="button" id="27">
				<left>130</left>
				<label>$LOCALIZE[192]</label>
				<onup>5</onup>
				<ondown>5</ondown>
				<onleft>28</onleft>
				<onright>28</onright>
				<include>dialog_WindowButton</include>
			</control>
		</control>
		<control type="scrollbar" id="6">
			<visible>false</visible>
		</control>
	</controls>
</window>