<?xml version="1.0" encoding="UTF-8" standalone="yes"?>
<addon id="script.program.androidnetflix"
  name="Netflix"
  version="1.0" 
  provider-name="elmerohueso">
  <requires>
    <import addon="xbmc.python" version="2.1.0"/>
  </requires>
  <extension point="xbmc.python.script" library="addon.py">
  </extension>
  <extension point="xbmc.addon.metadata">
    <platform>android</platform>
    <summary lang="en">Netflix shortcut for Android</summary>
    <description lang="en">Launches the Netflix app on Android.  Can be added to the Home screen for quick access.</description>
  </extension>
</addon>
