<?xml version="1.0" encoding="UTF-8" standalone="yes"?>
<addon id="script.program.FTVnetflix"
  name="Netflix"
  version="1.0" 
  provider-name="elmerohueso">
  <requires>
    <import addon="xbmc.python" version="2.1.0"/>
  </requires>
  <extension point="xbmc.python.script" library="addon.py">
    <provides>video</provides>
  </extension>
  <extension point="xbmc.addon.metadata">
    <platform>android</platform>
    <summary lang="en">Netflix shortcut on the Amazon FireTV</summary>
    <description lang="en">Launches the Netflix app on the Amazon FireTV.  Can be added to the Home screen under the video categories for quick access</description>
  </extension>
</addon>
