<?xml version="1.0" encoding="UTF-8"?>
<window>
	<defaultcontrol always="true">50</defaultcontrol>
	<allowoverlay>yes</allowoverlay>
	<controls>

	<!--global includes-->
		<include>global_Background</include>
		<include>global_Includes</include>
		<include>global_MenuGuide</include>
		<include>windowTitle_Music</include>
		<include>PageControls</include>

	<!--view includes-->
		<include>view_List</include>

	<!--detail includes-->
		<include>detail_ListMusic</include>

	<!--menu-->
		<include>menu_Files</include>
	</controls>
</window>