<?xml version="1.0" encoding="UTF-8"?>
<window>
	<defaultcontrol always="true">50</defaultcontrol>
	<allowoverlay>yes</allowoverlay>
	<views>50,51,52,521,522,53,531,54,541,57,571,572,574,575,58</views>
	<onload condition="System.HasAddon(script.tv.show.next.aired) + !Skin.HasSetting(nextaired.disable)">XBMC.RunScript(script.tv.show.next.aired,backend=True)</onload>
	<onload condition="System.HasAddon(script.tvtunes) + Skin.HasSetting(tvtunes.enable)">XBMC.RunScript(script.tvtunes,backend=True)</onload>
	<controls>
	<!--trigger-->
		<control type="button" id="8000">
			<label>-</label>
			<onup>53</onup>
			<ondown>71</ondown>
			<onleft>53</onleft>
			<onright>53</onright>
			<width>500</width>
			<visible allowhiddenfocus="true">false</visible>
		</control>

	<!--global includes-->
		<include>global_Background</include>
		<include>global_Includes</include>
		<include>global_MenuGuide</include>
		<include>windowTitle_Video</include>

	<!--view includes-->
		<include>view_List</include><!--50-->
		<include>view_BigList</include><!--51-->
		<include>view_SlidePoster</include><!--52-->
		<include>view_SlideLandscape</include><!--521-->
		<include>view_SlideSquare</include><!--522-->
		<include>view_Gallery</include><!--53-->
		<include>view_GalleryFull</include><!--531-->
		<include>view_Banner</include><!--54-->
		<include>view_BigBanner</include><!--541-->
		<include>view_IconPortrait</include><!--57-->
		<include>view_IconPortraitSmall</include><!--571-->
		<include>view_IconSquare</include><!--572-->
		<include>view_IconSquareSmall</include><!--574-->
		<include>view_IconWide</include><!--575-->
		<include>view_Tiles</include><!--58-->

	<!--detail includes-->
		<include>detail_ListMusic</include>
		<include>detail_ListAddons</include>
		<include>detail_Slide</include>
		<include>detail_Thumbnails</include>

	<!--list-->
		<control type="group">
			<include>toggle_Menu</include>
			<include>transition_Info</include>
			<include>transition_Content</include>
			<include>fadeinout</include>
			<visible>Control.IsVisible(50)</visible>
			<!--landscape-->
			<control type="group">
				<control type="group">
					<left>680</left>
					<top>90</top>
					<visible>[[Container.Content(movies) | Container.Content(tvshows)] + Skin.HasSetting(view.list.fanart) + !SubString(Container.FolderPath,plugin://)] | [Container.Content(episodes) | Container.Content(artists)] 
					</visible>
					<control type="image">
						<width>546</width>
						<height>309</height>
						<include>art_Frame-nf</include>
					</control>
					<control type="group">
						<left>7</left>
						<top>7</top>
						<control type="image">	
							<width>532</width>
							<height>295</height>
							<texture background="true">thumbs/default_Landscape.png</texture>
							<aspectratio>stretch</aspectratio>
							<fadetime>fadetime_Thumb</fadetime>
						</control>
						<control type="image">
							<left>202</left>
							<top>83.5</top>
							<width>128</width>
							<height>128</height>
							<include>art_DefaultIcon</include>
							<fadetime>fadetime_Thumb</fadetime>
						</control>
						<control type="image">
							<width>532</width>
							<height>295</height>
							<texture background="true">$VAR[thumb_Landscape]</texture>
							<fadetime>fadetime_Thumb</fadetime>
							<aspectratio align="center" aligny="center">scale</aspectratio>
						</control>
						<control type="image">
							<centerleft>266</centerleft>
							<top>189</top>
							<width>532</width>
							<height>96</height>
							<aspectratio align="center" aligny="bottom">keep</aspectratio>
							<include>art_ClearLogo</include>
						</control>
						<control type="textbox">
							<top>315</top>
							<width>532</width>
							<height max="280">auto</height>
							<label>$VAR[global_Plot]</label>
							<include>detail_Text</include>
						</control>
					</control>
				</control>
			</control>
			<!--portrait-->
			<control type="group">
				<left>750</left>
				<top>80</top>
				<control type="group">
					<visible>[Container.Content(movies) | Container.Content(tvshows)] + [!Skin.HasSetting(view.list.fanart) | SubString(Container.FolderPath,plugin://)] | Container.Content(actors) | Container.Content(seasons) | Container.Content(sets)</visible>
					<control type="image">
						<width>420</width>
						<height>614</height>
						<include>art_Frame-nf</include>
					</control>
					<control type="group">
						<left>7</left>
						<top>7</top>
						<control type="image">	
							<width>406</width>
							<height>600</height>
							<texture background="true">thumbs/default_Portrait.png</texture>
							<aspectratio>stretch</aspectratio>
							<fadetime>fadetime_Thumb</fadetime>
						</control>
						<control type="image">
							<left>139</left>
							<top>236</top>
							<width>128</width>
							<height>128</height>
							<include>art_DefaultIcon</include>
							<fadetime>fadetime_Thumb</fadetime>
						</control>
						<control type="image">
							<width>406</width>
							<height>600</height>
							<texture background="true">$VAR[thumb_Portrait]</texture>
							<aspectratio align="center" aligny="center">scale</aspectratio>
							<fadetime>fadetime_Thumb</fadetime>
						</control>
					</control>
				</control>
			</control>
			<!--files-->
			<control type="group">
				<visible>Container.Content(musicvideos) | Container.Content(files)</visible>
				<control type="group">
					<left>680</left>
					<top>80</top>
					<control type="image">
						<width>532</width>
						<height>614</height>
						<texture fallback="thumbs/default_Landscape.png" background="true">$INFO[ListItem.Thumb]</texture>
						<bordertexture border="7">frames/frame-nf.png</bordertexture>
						<bordersize>7</bordersize>
						<aspectratio align="center" aligny="top">keep</aspectratio>
						<fadetime>fadetime_Thumb</fadetime>
						<visible>!IsEmpty(ListItem.Thumb) + !SubString(Container.FolderPath,plugin://) + !IsEmpty(Container.FolderPath)</visible>
					</control>
				</control>
			</control>
		</control>

	<!--scrollbars-->
		<include>PageControls</include>
	<!--menu-->
		<include>menu_Video</include>
	</controls>
</window>