<?xml version="1.0" encoding="UTF-8"?>
<includes>
<!--BANNERS SMALL GRID-->
	<include name="view_Banner-ContainerCommons">
		<control type="image">
			<width>572</width>
			<height>117</height>
			<include>art_Frame-nf</include>
		</control>
		<control type="group">
			<left>7</left>
			<top>7</top>
			<control type="image">	
				<width>558</width>
				<height>103</height>
				<texture background="true">thumbs/default_Banner.png</texture>
				<aspectratio>stretch</aspectratio>
			</control>
			<control type="image">
				<centerleft>279</centerleft>
				<centertop>51.5</centertop>
				<width>72</width>
				<height>72</height>
				<include>art_DefaultIcon</include>
			</control>
			<control type="image">
				<centerleft>279</centerleft>
				<centertop>51.5</centertop>
				<texture background="true">$VAR[thumb_Banner]</texture>
				<aspectratio align="center" aligny="center">scale</aspectratio>
			</control>
			<control type="group">
				<left>532</left>
				<top>77</top>
				<include>status_Info</include>
			</control>
		</control>
	</include>
	<include name="view_Banner">
		<control type="panel" id="54">
			<viewtype label="31110">wide</viewtype> 	
			<left>35</left>
			<top>90</top>
			<width>572</width>
			<height>615</height>
			<onleft>6000</onleft>
			<onright>70</onright>
			<onup>54</onup>
			<ondown>54</ondown>
			<pagecontrol>70</pagecontrol>
			<preloaditems>2</preloaditems>
			<orientation>vertical</orientation>
			<include>global_Scrolltime</include>
			<include>transition_Content</include>
			<include>transition_Info</include>
			<include>toggle_Menu</include>
			<visible>Container.Content(tvshows) | Container.Content(movies) + Skin.HasSetting(banner.movies.enable)</visible>
			<itemlayout width="572" height="123">
				<include>view_Banner-ContainerCommons</include>
			</itemlayout>
			<focusedlayout width="572" height="123">
				<control type="image">
					<width>572</width>
					<height>117</height>
					<include>art_Frame-fo</include>
				</control>
				<include>view_Banner-ContainerCommons</include>
			</focusedlayout>
		</control>
		<!--container info-->
		<control type="group">
			<left>645</left>
			<top>85</top>
			<include>toggle_Menu</include>
			<include>transition_Content</include>
			<include>transition_Info</include>
			<visible>Control.IsVisible(54) + [Container.Content(tvshows) | [Container.Content(movies) + Skin.HasSetting(banner.movies.enable)]]</visible>
			<control type="grouplist">	
				<itemgap>0</itemgap>
				<control type="label" id="1">
					<width>550</width>
					<label>$VAR[global_Title]</label>
					<include>detail_Title</include>
				</control>
				<control type="label">
					<width>550</width>
					<label>$VAR[global_Info]</label>
					<include>detail_Sub</include>
					<visible>Container.Content(movies)</visible>
				</control>
				<control type="label">
					<width>550</width>
					<label>$INFO[ListItem.Property(UnWatchedEpisodes),, $LOCALIZE[16101] $LOCALIZE[20360]]</label>
					<include>detail_Sub</include>
					<visible>Container.Content(tvshows)</visible>
				</control>
				<control type="label">
					<width>550</width>
					<label>$VAR[nextaired_Info]</label>
					<include>detail_Sub</include>
					<visible>Container.Content(tvshows) + !SubString(ListItem.Icon,default)</visible>
				</control>
				<control type="image">
					<width>112</width>
					<height>40</height>
					<include>detail_StarRating</include>
					<aspectratio align="left" aligny="center">keep</aspectratio>
				</control>
				<control type="textbox" id="4">
					<width>550</width>
					<height>355</height>
					<label>$VAR[global_Plot]</label>
					<include>detail_Text</include>
				</control>
			</control>
			<control type="image">
				<bottom>40</bottom>
				<width>128</width>
				<height>48</height>
				<aspectratio align="left">keep</aspectratio>
				<texture>$VAR[flag_Studio]</texture>
				<visible>Control.IsVisible(54) + [Container.Content(tvshows) | Container.Content(seasons)]</visible>
			</control>
		</control>
	</include>

<!--BANNERS BIG GRID-->
	<include name="view_BigBanner-ContainerCommons">
		<control type="image">
			<width>604</width>
			<height>123</height>
			<include>art_Frame-nf</include>
		</control>
		<control type="group">
			<left>7</left>
			<top>7</top>
			<control type="image">	
				<width>590</width>
				<height>109</height>
				<texture background="true">thumbs/default_Banner.png</texture>
				<aspectratio>stretch</aspectratio>
			</control>
			<control type="image">
				<left>259</left>
				<top>18.5</top>
				<width>72</width>
				<height>72</height>
				<include>art_DefaultIcon</include>
			</control>
			<control type="image">
				<width>590</width>
				<height>109</height>
				<texture background="true">$VAR[thumb_Banner]</texture>
				<aspectratio align="center" aligny="center">scale</aspectratio>
			</control>
			<control type="group">
				<left>564</left>
				<top>83</top>
				<include>status_Info</include>
			</control>
		</control>
		<control type="image">
			<right>14</right>
			<top>133</top>
			<height>22</height>
			<include>detail_StarRating</include>
			<aspectratio align="right">keep</aspectratio>
			<visible>!SubString(ListItem.Icon,default)</visible>
		</control>
		<control type="group">
			<left>7</left>
			<top>130</top>
			<control type="label">
				<width>470</width>
				<label>$VAR[global_Title]</label>
				<include>detail_Title</include>
			</control>
			<control type="group">
				<top>22</top>
				<control type="label">
					<width>440</width>
					<label>$VAR[global_Info]</label>
					<include>detail_Sub</include>
					<visible>Container.Content(tvshows) + !SubString(Container.FolderPath,plugin://)</visible>
				</control>
				<control type="label">
					<width>590</width>
					<label>$VAR[global_Info]</label>
					<include>detail_Sub</include>
					<visible>Container.Content(movies)</visible>
				</control>
				<control type="label">
					<width>440</width>
					<label>$VAR[global_Info.Addon]</label>
					<include>detail_Title</include>
					<visible>SubString(Container.FolderPath,plugin://)</visible>
				</control>
				<control type="label">
					<left>590</left>
					<width>150</width>
					<label>$INFO[ListItem.Studio]</label>
					<align>right</align>
					<include>detail_Sub</include>
					<visible>Container.Content(tvshows) + !SubString(Container.FolderPath,plugin://)</visible>
				</control>
			</control>
		</control>
	</include>
	<include name="view_BigBanner">
		<control type="panel" id="541">
			<viewtype label="31110">bigwide</viewtype>
			<left>25</left>
			<top>105</top>
			<width>1240</width>
			<height>570</height>
			<onleft>6000</onleft>
			<onright>70</onright>
			<onup>541</onup>
			<ondown>541</ondown>
			<pagecontrol>70</pagecontrol>
			<preloaditems>2</preloaditems>
			<orientation>vertical</orientation>
			<include>global_Scrolltime</include>
			<include>transition_Content</include>
			<include>transition_Info</include>
			<include>toggle_Menu</include>
			<visible>Container.Content(tvshows) | Container.Content(movies) + Skin.HasSetting(banner.movies.enable)</visible>
			<itemlayout width="620" height="190">
				<include>view_BigBanner-ContainerCommons</include>
			</itemlayout>
			<focusedlayout width="620" height="190">
				<control type="image">
					<width>604</width>
					<height>123</height>
					<include>art_Frame-fo</include>
				</control>
				<include>view_BigBanner-ContainerCommons</include>
			</focusedlayout>
		</control>
	</include>
</includes>