<?xml version="1.0" encoding="UTF-8"?>
<overrides>
	<!--watchlist-->
	<shortcut label="31013" type="::SCRIPT::32015" grouping="customvideonode" icon="VideoWatchlist.png" condition="Library.HasContent(movies)">ActivateWindow(Videos,plugin://script.watchlist?type=movies,return)</shortcut>
	<shortcut label="31013" type="::SCRIPT::32016" grouping="customvideonode" icon="VideoWatchlist.png" condition="Library.HasContent(tvshows)">ActivateWindow(Videos,plugin://script.watchlist?type=episodes,return)</shortcut>
	<!--unwatched-->
	<shortcut label="16101" type="::SCRIPT::32015" grouping="movie" icon="DefaultMovies.png" condition="Library.HasContent(movies)">ActivateWindow(Videos,special://skin/playlists/video/movies-unwatched.xsp,return))</shortcut>
	<shortcut label="16101" type="::SCRIPT::32016" grouping="tvshow" icon="DefaultTVShows.png" condition="Library.HasContent(tvshows)">ActivateWindow(Videos,special://skin/playlists/video/episodes-unwatched.xsp,return))</shortcut>
	<!--in progress-->
	<shortcut label="575" type="::SCRIPT::32015" grouping="movie" icon="DefaultMovies.png" condition="Library.HasContent(movies)">ActivateWindow(Videos,special://skin/playlists/video/movies-in progress.xsp,return)</shortcut>
	<!--trailers-->
	<shortcut label="31015" type="::SCRIPT::32015" grouping="movie" icon="DefaultMovies.png" condition="System.HasAddon(plugin.video.the.trailers)">ActivateWindow(Videos,plugin://plugin.video.the.trailers/,return)</shortcut>
	<!--TV Guide-->
	<shortcut label="31606" type="::SCRIPT::32009" grouping="tvshow" icon="DefaultTVShows.png" condition="!Skin.HasSetting(nextaired.disable)">RunAddon(script.tv.show.next.aired)</shortcut>
	<!--customize menu-->
	<shortcut label="31210" type="::SCRIPT::32034" grouping="common" icon="CommonSettings.png">RunScript(script.skinshortcuts,type=manage&amp;nolabels=True&amp;group=mainmenu)</shortcut>
	<!--exit (shutdown menu)-->
	<shortcut label="13012" type="::SCRIPT::32054" grouping="commands">ActivateWindow(shutdownmenu)</shortcut>
	<!--search-->
	<shortcut label="137" type="::SCRIPT::32034" grouping="common" icon="CommonSearch.png" condition="!Skin.HasSetting(search.disable)">RunAddon(script.globalsearch)</shortcut>
	<!--PVR-->
	<shortcut label="PVR" type="::SCRIPT::32022" grouping="pvr" icon="LiveTV.png">ActivateWindow(MyPVR)</shortcut>
	<!--addons-->
	<shortcut label="24001" type="::SCRIPT::32034" grouping="common" icon="DefaultAddon.png">ActivateWindow(addonbrowser)</shortcut>
	<!--now playing-->
	<shortcut label="31034" type="::SCRIPT::32034" grouping="common" icon="DefaultIconPlay.png">fullscreen</shortcut>
	<override action="fullscreen">
		<condition>Player.HasVideo</condition>
	</override>
	<override action="fullscreen">
		<condition>Player.HasAudio</condition>
		<action>ActivateWindow(musicplaylist)</action>
	</override>

	<!--settings removal warning-->
	<warn heading="$LOCALIZE[19098]" message="$LOCALIZE[31018]">ActivateWindow(Settings)</warn>

	<!--icon overrides-->
	<icon image="DefaultShortcut.png" grouping="commands">CommandXBMC.png</icon>
	<icon labelID="32058">DefaultAddonWebSkin.png</icon><!--create shortcut here-->
	<icon labelID="programs">DefaultProgram.png</icon>
	<icon labelID="settings">CommonSettings.png</icon>
	<icon labelID="weather">DefaultAddonWeather.png</icon>
	<icon labelID="1036">CommonFavourite.png</icon>
	<icon labelID="10007">DefaultIconInfo.png</icon>
	<icon labelID="10504">DefaultMusicTop100.png</icon>
	<icon labelID="10505">DefaultMusicTop100.png</icon>
	<!--pvr grouping-->
	<icon labelID="19023">LiveTV.png</icon><!--tv channels-->
	<icon labelID="19024">LiveTV.png</icon><!--radio channels-->
	<icon labelID="19069">LiveTV.png</icon><!--epg-->
	<icon labelID="19163">LiveTV.png</icon><!--recordings-->
	<icon labelID="32023">LiveTV.png</icon><!--timers-->
	<icon labelID="32066">LiveTV.png</icon><!--last tv channel-->
	<icon labelID="32067">LiveTV.png</icon><!--last radio channel-->
	<icon labelID="32068">LiveTV.png</icon><!--last channel-->

	<!--
	<icon labelID="32015">LiveTV.png</icon>
	<icon labelID="livetv">LiveTV.png</icon>
	<icon labelID="32009">DefaultAddon.png</icon>
	<icon labelID="32010">DefaultAddon.png</icon>
	<icon labelID="32011">DefaultAddon.png</icon>
	<icon labelID="32012">DefaultAddon.png</icon>
	-->

</overrides>