<?xml version="1.0" encoding="UTF-8"?>
<window>
	<defaultcontrol>6000</defaultcontrol>
	<allowoverlay>yes</allowoverlay>
	<controls>
		<control type="group">
			<visible>![Control.IsVisible(11) + Control.IsVisible(12)]</visible>
			<control type="videowindow">
				<include>screen_Dimensions</include>
				<visible>Player.HasVideo + Skin.HasSetting(backgroundVideoGlobal)</visible>
			</control>
		</control>

	<!--GLOBAL-->
		<include>global_Background</include>
		<include>global_Clock</include>
		<include>global_MenuGuide</include>
		<include>global_Itemcount</include>
		<include>windowTitle_PVR</include>
		<include>PageControls</include>
		
	<!--VIEWS-->
		<control type="group" id="50">
			<include>view_EPG-now</include>
			<include>view_EPG-timeline</include>
			<include>view_EPG-channels</include>
			<include>view_TVChannels</include>
			<include>view_RadioChannels</include>
			<include>view_TV-timers</include>
			<include>view_TV-search</include>
			<include>view_TV-recordings</include>
		</control>

	<!--EPG INFO-->
		<control type="group">
			<left>90</left>
			<top>530</top>
			<include>toggle_Menu</include>
			<include>transition_Content</include>
			<visible>[Control.IsVisible(10) | Control.IsVisible(15) |  Control.IsVisible(16) | Control.IsVisible(17)] + !IsEmpty(ListItem.Title)</visible>
			<control type="image">
				<width>142</width>
				<height>142</height>
				<include>art_Frame-nf</include>
			</control>
			<control type="group">
				<left>7</left>
				<top>7</top>
				<control type="image">
					<width>128</width>
					<height>128</height>
					<texture>thumbs/default_Square.png</texture>
				</control>
				<control type="image">
					<centerleft>64</centerleft>
					<centertop>64</centertop>
					<width>72</width>
					<height>72</height>
					<texture>LiveTV.png</texture>
					<visible>IsEmpty(ListItem.Icon)</visible>
				</control>
				<control type="image">
					<width>128</width>
					<height>128</height>
					<texture>$INFO[ListItem.Icon]</texture>
					<aspectratio align="center" aligny="center">keep</aspectratio>
				</control>
			</control>
			<control type="grouplist">
				<left>168</left>
				<itemgap>0</itemgap>
				<control type="label" id="1">
					<width>950</width>
					<label>$INFO[ListItem.Title]</label>
					<include>detail_Title</include>
				</control>
				<control type="label" id="1">
					<width>950</width>
					<label>$INFO[ListItem.StartTime]$INFO[ListItem.EndTime, - ]$INFO[ListItem.Genre, • ]</label>
					<include>detail_Sub</include>
				</control>
				<control type="label" id="1">
					<label>-</label>
					<height>5</height>
				</control>
				<control type="textbox">
					<width>950</width>
					<height>80</height>
					<label>$INFO[ListItem.Plot]</label>
					<include>detail_Text</include>
				</control>
			</control>
		</control>

	<!--menu-->
		<include>menu_TV</include>
	</controls>
</window>