﻿<?xml version="1.0" encoding="UTF-8"?>
<window>
	<defaultcontrol>1</defaultcontrol>
	<coordinates>
		<system>1</system>
		<left>490</left>
		<top>5</top>
	</coordinates>
	<include>fadeinout</include>
	<controls>
		<control type="image">
			<width>300</width>
			<height>90</height>
			<include>dialog_Window</include>
		</control>
		<control type="label">
			<top>10</top>
			<width>300</width>
			<label>$INFO[Control.GetLabel(404)]</label>
			<font>regular</font>
			<align>center</align>
			<textcolor>Color4</textcolor>
		</control>
		<control type="slider" id="404">
			<left>19</left>
			<top>40</top>
			<width>266</width>
			<height>32</height>
			<include>dialog_Slider</include>
			<info>Player.Volume</info>
		</control>
	</controls>
</window>