﻿<?xml version="1.0" encoding="UTF-8"?>
<window>
	<defaultcontrol>450</defaultcontrol>
	<include>transition_Dialog</include>
	<coordinates>
		<system>1</system>
		<left>0</left>
		<top>0</top>
		<origin x="480" y="200"/>
	</coordinates>
	<controls>
		<control type="image">
			<width>320</width>
			<height>320</height>
			<include>dialog_Window</include>
		</control>
		<control type="group">
			<left>4</left>
			<top>20</top>
			<control type="image">
				<width>312</width>
				<include>dialog_Separator</include>
			</control>
			<control type="list" id="450">
				<width>312</width>
				<height>280</height>
				<onup>450</onup>
				<ondown>450</ondown>
				<scrolltime>200</scrolltime>
				<itemlayout height="40">
					<control type="image">
						<width>312</width>
						<include>dialog_CommonList</include>
					</control>
					<control type="label">
						<width>300</width>
						<info>ListItem.Label</info>
						<include>dialog_CommonListItem</include>
					</control>
				</itemlayout>
				<focusedlayout height="40">
					<control type="image">
						<width>312</width>
						<include>dialog_CommonListFocus</include>
					</control>
					<control type="label">
						<width>300</width>
						<info>ListItem.Label</info>
						<include>dialog_CommonListItemFocus</include>
					</control>
				</focusedlayout>
			</control>
			<control type="image">
				<top>320</top>
				<width>302</width>
				<include>dialog_Separator</include>
			</control>
		</control>
	</controls>
</window>