﻿<?xml version="1.0" encoding="UTF-8"?>
<fonts>
	<fontset id="Default" unicode="true">
		<!--regular-->
		<font>
			<name>regular</name>
			<filename>default/Regular.ttf</filename>
			<size>20</size>
		</font>
		<font>
			<name>regular-U</name>
			<filename>default/Regular.ttf</filename>
			<size>20</size>
			<style>uppercase</style>
		</font>
		<font>
			<name>regular_Small</name>
			<filename>default/Regular.ttf</filename>
			<size>18</size>
		</font>
		<font>
			<name>regular_Small-U</name>
			<filename>default/Regular.ttf</filename>
			<size>18</size>
			<style>uppercase</style>
		</font>
		<font>
			<name>regular_Big</name>
			<filename>default/Regular.ttf</filename>
			<size>22</size>
		</font>
		<font>
			<name>regular_Big-U</name>
			<filename>default/Regular.ttf</filename>
			<size>22</size>
			<style>uppercase bold</style>
		</font>
		<font>
			<name>regular_Bigger</name>
			<filename>default/Regular.ttf</filename>
			<size>24</size>
		</font>

		<!--condensed-->
		<font>
			<name>condensed-U</name>
			<filename>default/Condensed.ttf</filename>
			<size>20</size>
			<style>uppercase</style>
		</font>
		<font>
			<name>condensed_Small-U</name>
			<filename>default/Condensed.ttf</filename>
			<size>18</size>
			<style>uppercase</style>
		</font>
		<font>
			<name>condensed_Smaller</name>
			<filename>default/Condensed.ttf</filename>
			<size>16</size>
		</font>

		<!--semibold-->
		<font>
			<name>semibold</name>
			<filename>default/SemiBold.ttf</filename>
			<size>20</size>
		</font>
		<font>
			<name>semibold-U</name>
			<filename>default/SemiBold.ttf</filename>
			<size>20</size>
			<style>uppercase</style>
		</font>
		<font>
			<name>semibold_Small</name>
			<filename>default/SemiBold.ttf</filename>
			<size>18</size>
		</font>
		<font>
			<name>semibold_Small-U</name>
			<filename>default/SemiBold.ttf</filename>
			<size>18</size>
			<style>uppercase</style>
			<aspect>0.90</aspect>
		</font>
		<font>
			<name>semibold_Big</name>
			<filename>default/SemiBold.ttf</filename>
			<size>22</size>
		</font>
		<font>
			<name>semibold_Big-U</name>
			<filename>default/SemiBold.ttf</filename>
			<size>22</size>
			<style>uppercase</style>
		</font>
		
		<!--bold-->
		<font>
			<name>bold_Title</name>
			<filename>default/Bold.ttf</filename>
			<size>30</size>
		</font>
		<font>
			<name>bold_Bigger-U</name>
			<filename>default/Bold.ttf</filename>
			<size>38</size>
		</font>
		<font>
			<name>lyrics</name>
			<filename>default/Bold.ttf</filename>
			<size>25</size>
		</font>
		<font>
			<name>lyrics2</name>
			<filename>default/Bold.ttf</filename>
			<size>35</size>
		</font>
		
		<!--light-->
		<font>
			<name>light_Menu</name>
			<filename>default/Light.ttf</filename>
			<size>22</size>
		</font>
		<font>
			<name>light_Settings</name>
			<filename>default/Light.ttf</filename>
			<size>24</size>
		</font>
		<font>
			<name>light_Home</name>
			<filename>default/Light.ttf</filename>
			<size>26</size>
		</font>
		<font>
			<name>light_ColumnHeader</name>
			<filename>default/Light.ttf</filename>
			<size>28</size>
		</font>
		<font>
			<name>light_Dialog</name>
			<filename>default/Light.ttf</filename>
			<size>30</size>
		</font>
		<font>
			<name>light_Category</name>
			<filename>default/Light.ttf</filename>
			<size>32</size>
		</font>
		<font>
			<name>light_Header</name>
			<filename>default/Light.ttf</filename>
			<size>38</size>
		</font>
		<font>
			<name>light_Window</name>
			<filename>default/Light.ttf</filename>
			<size>48</size>
			<style>lowercase</style>
		</font>

		<!--confluence fonts for add-on compatibility-->
		<font>
			<name>font10</name>
			<filename>fallback/Roboto-Regular.ttf</filename>
			<size>14</size>
		</font>
		<font>
			<name>font12</name>
			<filename>fallback/Roboto-Regular.ttf</filename>
			<size>17</size>
		</font>
		<font>
			<name>font13</name>
			<filename>fallback/Roboto-Regular.ttf</filename>
			<size>20</size>
		</font>
		<font>
			<name>font14</name>
			<filename>fallback/Roboto-Regular.ttf</filename>
			<size>22</size>
		</font>
		<font>
			<name>font16</name>
			<filename>fallback/Roboto-Regular.ttf</filename>
			<size>25</size>
		</font>
		<font>
			<name>font30</name>
			<filename>fallback/Roboto-Regular.ttf</filename>
			<size>30</size>
		</font>
		<font>
			<name>fontContextMenu</name>
			<filename>fallback/Roboto-Regular.ttf</filename>
			<size>18</size>
		</font>
		<font>
			<name>font10_title</name>
			<filename>fallback/Roboto-Bold.ttf</filename>
			<size>12</size>
		</font>
		<font>
			<name>font12_title</name>
			<filename>fallback/Roboto-Bold.ttf</filename>
			<size>17</size>
		</font>
		<font>
			<name>font13_title</name>
			<filename>fallback/Roboto-Bold.ttf</filename>
			<size>20</size>
		</font>
		<font>
			<name>font24_title</name>
			<filename>fallback/Roboto-Bold.ttf</filename>
			<size>24</size>
		</font>
		<font>
			<name>font28_title</name>
			<filename>fallback/Roboto-Bold.ttf</filename>
			<size>28</size>
		</font>
		<font>
			<name>font30_title</name>
			<filename>fallback/Roboto-Bold.ttf</filename>
			<size>30</size>
		</font>
		<font>
			<name>font35_title</name>
			<filename>fallback/Roboto-Bold.ttf</filename>
			<size>35</size>
		</font>
		<font>
			<name>font_MainMenu</name>
			<filename>fallback/Roboto-Bold.ttf</filename>
			<size>40</size>
		</font>
		<font>
			<name>WeatherTemp</name>
			<filename>fallback/Roboto-Bold.ttf</filename>
			<size>80</size>
		</font>
	</fontset>


<!--OPEN-->
	<fontset id="Open" unicode="true">
		<!--regular-->
		<font>
			<name>regular</name>
			<filename>open/Regular.ttf</filename>
			<size>20</size>
		</font>
		<font>
			<name>regular-U</name>
			<filename>open/Regular.ttf</filename>
			<size>20</size>
			<style>uppercase</style>
		</font>
		<font>
			<name>regular_Small</name>
			<filename>open/Regular.ttf</filename>
			<size>18</size>
		</font>
		<font>
			<name>regular_Small-U</name>
			<filename>open/Regular.ttf</filename>
			<size>18</size>
			<style>uppercase</style>
		</font>
		<font>
			<name>regular_Big</name>
			<filename>open/Regular.ttf</filename>
			<size>22</size>
		</font>
		<font>
			<name>regular_Big-U</name>
			<filename>open/Regular.ttf</filename>
			<size>22</size>
			<style>uppercase bold</style>
		</font>
		<font>
			<name>regular_Bigger</name>
			<filename>open/Regular.ttf</filename>
			<size>24</size>
		</font>

		<!--condensed-->
		<font>
			<name>condensed-U</name>
			<filename>open/Condensed.ttf</filename>
			<size>20</size>
			<style>uppercase</style>
			<linespacing>1.1</linespacing>
		</font>
		<font>
			<name>condensed_Small-U</name>
			<filename>open/Condensed.ttf</filename>
			<size>18</size>
			<style>uppercase</style>
		</font>

		<!--semibold-->
		<font>
			<name>semibold</name>
			<filename>open/SemiBold.ttf</filename>
			<size>20</size>
		</font>
		<font>
			<name>semibold-U</name>
			<filename>open/SemiBold.ttf</filename>
			<size>20</size>
			<style>uppercase</style>
		</font>
		<font>
			<name>semibold_Small</name>
			<filename>open/SemiBold.ttf</filename>
			<size>18</size>
		</font>
		<font>
			<name>semibold_Small-U</name>
			<filename>open/SemiBold.ttf</filename>
			<size>18</size>
			<style>uppercase</style>
			<aspect>0.90</aspect>
		</font>
		<font>
			<name>semibold_Big</name>
			<filename>open/SemiBold.ttf</filename>
			<size>22</size>
		</font>
		<font>
			<name>semibold_Big-U</name>
			<filename>open/SemiBold.ttf</filename>
			<size>22</size>
			<style>uppercase</style>
		</font>
		
		<!--bold-->
		<font>
			<name>bold_Title</name>
			<filename>open/Bold.ttf</filename>
			<size>30</size>
			<style>uppercase</style>
		</font>
		<font>
			<name>bold_Bigger-U</name>
			<filename>open/Bold.ttf</filename>
			<size>36</size>
			<style>uppercase</style>
		</font>
		<font>
			<name>lyrics</name>
			<filename>open/Bold.ttf</filename>
			<size>25</size>
		</font>
		<font>
			<name>lyrics2</name>
			<filename>open/Bold.ttf</filename>
			<size>35</size>
		</font>
		
		<!--light-->
		<font>
			<name>light_Menu</name>
			<filename>open/Light.ttf</filename>
			<size>22</size>
		</font>
		<font>
			<name>light_Settings</name>
			<filename>open/Light.ttf</filename>
			<size>24</size>
		</font>
		<font>
			<name>light_Home</name>
			<filename>open/Light.ttf</filename>
			<size>26</size>
		</font>
		<font>
			<name>light_ColumnHeader</name>
			<filename>open/Light.ttf</filename>
			<size>28</size>
		</font>
		<font>
			<name>light_Dialog</name>
			<filename>open/Light.ttf</filename>
			<size>30</size>
		</font>
		<font>
			<name>light_Category</name>
			<filename>open/Light.ttf</filename>
			<size>32</size>
		</font>
		<font>
			<name>light_Header</name>
			<filename>open/Light.ttf</filename>
			<size>38</size>
		</font>
		<font>
			<name>light_Window</name>
			<filename>open/Light.ttf</filename>
			<size>48</size>
			<style>lowercase</style>
		</font>

		<!--confluence fonts for add-on compatibility-->
		<font>
			<name>font10</name>
			<filename>fallback/Roboto-Regular.ttf</filename>
			<size>14</size>
		</font>
		<font>
			<name>font12</name>
			<filename>fallback/Roboto-Regular.ttf</filename>
			<size>17</size>
		</font>
		<font>
			<name>font13</name>
			<filename>fallback/Roboto-Regular.ttf</filename>
			<size>20</size>
		</font>
		<font>
			<name>font14</name>
			<filename>fallback/Roboto-Regular.ttf</filename>
			<size>22</size>
		</font>
		<font>
			<name>font16</name>
			<filename>fallback/Roboto-Regular.ttf</filename>
			<size>25</size>
		</font>
		<font>
			<name>font30</name>
			<filename>fallback/Roboto-Regular.ttf</filename>
			<size>30</size>
		</font>
		<font>
			<name>fontContextMenu</name>
			<filename>fallback/Roboto-Regular.ttf</filename>
			<size>18</size>
		</font>
		<font>
			<name>font10_title</name>
			<filename>fallback/Roboto-Bold.ttf</filename>
			<size>12</size>
		</font>
		<font>
			<name>font12_title</name>
			<filename>fallback/Roboto-Bold.ttf</filename>
			<size>17</size>
		</font>
		<font>
			<name>font13_title</name>
			<filename>fallback/Roboto-Bold.ttf</filename>
			<size>20</size>
		</font>
		<font>
			<name>font24_title</name>
			<filename>fallback/Roboto-Bold.ttf</filename>
			<size>24</size>
		</font>
		<font>
			<name>font28_title</name>
			<filename>fallback/Roboto-Bold.ttf</filename>
			<size>28</size>
		</font>
		<font>
			<name>font30_title</name>
			<filename>fallback/Roboto-Bold.ttf</filename>
			<size>30</size>
		</font>
		<font>
			<name>font35_title</name>
			<filename>fallback/Roboto-Bold.ttf</filename>
			<size>35</size>
		</font>
		<font>
			<name>font_MainMenu</name>
			<filename>fallback/Roboto-Bold.ttf</filename>
			<size>40</size>
		</font>
		<font>
			<name>WeatherTemp</name>
			<filename>fallback/Roboto-Bold.ttf</filename>
			<size>80</size>
		</font>
	</fontset>


<!--UNICODE-->
	<fontset id="Unicode" unicode="true">	
		<!--regular-->
		<font>
			<name>regular</name>
			<filename>Arial.ttf</filename>
			<size>20</size>
		</font>
		<font>
			<name>regular-U</name>
			<filename>Arial.ttf</filename>
			<size>20</size>
			<style>uppercase</style>
		</font>
		<font>
			<name>regular_Small</name>
			<filename>Arial.ttf</filename>
			<size>18</size>
		</font>
		<font>
			<name>regular_Small-U</name>
			<filename>Arial.ttf</filename>
			<size>18</size>
			<style>uppercase</style>
		</font>
		<font>
			<name>regular_Big</name>
			<filename>Arial.ttf</filename>
			<size>22</size>
		</font>
		<font>
			<name>regular_Big-U</name>
			<filename>Arial.ttf</filename>
			<size>22</size>
			<style>uppercase bold</style>
		</font>
		<font>
			<name>regular_Bigger</name>
			<filename>Arial.ttf</filename>
			<size>24</size>
		</font>

		<!--condensed-->
		<font>
			<name>condensed-U</name>
			<filename>Arial.ttf</filename>
			<size>20</size>
			<style>uppercase</style>
		</font>
		<font>
			<name>condensed_Small-U</name>
			<filename>Arial.ttf</filename>
			<size>18</size>
			<style>uppercase</style>
		</font>

		<!--semibold-->
		<font>
			<name>semibold</name>
			<filename>Arial.ttf</filename>
			<size>20</size>
		</font>
		<font>
			<name>semibold-U</name>
			<filename>Arial.ttf</filename>
			<size>20</size>
			<style>uppercase</style>
		</font>
		<font>
			<name>semibold_Small</name>
			<filename>Arial.ttf</filename>
			<size>18</size>
		</font>
		<font>
			<name>semibold_Small-U</name>
			<filename>Arial.ttf</filename>
			<size>18</size>
			<style>uppercase</style>
			<aspect>0.90</aspect>
		</font>
		<font>
			<name>semibold_Big</name>
			<filename>Arial.ttf</filename>
			<size>22</size>
		</font>
		<font>
			<name>semibold_Big-U</name>
			<filename>Arial.ttf</filename>
			<size>22</size>
			<style>uppercase</style>
		</font>
		
		<!--bold-->
		<font>
			<name>bold_Title</name>
			<filename>Arial.ttf</filename>
			<size>30</size>
		</font>
		<font>
			<name>bold_Bigger-U</name>
			<filename>Arial.ttf</filename>
			<size>38</size>
			<style>uppercase</style>
		</font>
		<font>
			<name>lyrics</name>
			<filename>Arial.ttf</filename>
			<size>25</size>
		</font>
		<font>
			<name>lyrics2</name>
			<filename>Arial.ttf</filename>
			<size>35</size>
		</font>
		
		<!--light-->
		<font>
			<name>light_Menu</name>
			<filename>Arial.ttf</filename>
			<size>22</size>
		</font>
		<font>
			<name>light_Settings</name>
			<filename>Arial.ttf</filename>
			<size>24</size>
		</font>
		<font>
			<name>light_Home</name>
			<filename>Arial.ttf</filename>
			<size>26</size>
		</font>
		<font>
			<name>light_ColumnHeader</name>
			<filename>Arial.ttf</filename>
			<size>28</size>
		</font>
		<font>
			<name>light_Dialog</name>
			<filename>Arial.ttf</filename>
			<size>30</size>
		</font>
		<font>
			<name>light_Category</name>
			<filename>Arial.ttf</filename>
			<size>32</size>
		</font>
		<font>
			<name>light_Header</name>
			<filename>Arial.ttf</filename>
			<size>38</size>
		</font>
		<font>
			<name>light_Window</name>
			<filename>Arial.ttf</filename>
			<size>48</size>
			<style>lowercase</style>
		</font>

		<!--confluence fonts for add-on compatibility-->
		<font>
			<name>font10</name>
			<filename>Arial.ttf</filename>
			<size>14</size>
		</font>
		<font>
			<name>font12</name>
			<filename>Arial.ttf</filename>
			<size>17</size>
		</font>
		<font>
			<name>font13</name>
			<filename>Arial.ttf</filename>
			<size>20</size>
		</font>
		<font>
			<name>font14</name>
			<filename>Arial.ttf</filename>
			<size>22</size>
		</font>
		<font>
			<name>font16</name>
			<filename>Arial.ttf</filename>
			<size>25</size>
		</font>
		<font>
			<name>font30</name>
			<filename>Arial.ttf</filename>
			<size>30</size>
		</font>
		<font>
			<name>fontContextMenu</name>
			<filename>Arial.ttf</filename>
			<size>18</size>
		</font>
		<font>
			<name>font10_title</name>
			<filename>Arial.ttf</filename>
			<size>12</size>
		</font>
		<font>
			<name>font12_title</name>
			<filename>Arial.ttf</filename>
			<size>17</size>
		</font>
		<font>
			<name>font13_title</name>
			<filename>Arial.ttf</filename>
			<size>20</size>
		</font>
		<font>
			<name>font24_title</name>
			<filename>Arial.ttf</filename>
			<size>24</size>
		</font>
		<font>
			<name>font28_title</name>
			<filename>Arial.ttf</filename>
			<size>28</size>
		</font>
		<font>
			<name>font30_title</name>
			<filename>Arial.ttf</filename>
			<size>30</size>
		</font>
		<font>
			<name>font35_title</name>
			<filename>Arial.ttf</filename>
			<size>35</size>
		</font>
		<font>
			<name>font_MainMenu</name>
			<filename>Arial.ttf</filename>
			<size>40</size>
		</font>
		<font>
			<name>WeatherTemp</name>
			<filename>Arial.ttf</filename>
			<size>80</size>
		</font>
	</fontset>
</fonts>