﻿<?xml version="1.0" encoding="UTF-8"?>
<window>
	<defaultcontrol>5</defaultcontrol>
	<include>transition_Dialog</include>
	<coordinates>
		<system>1</system>
		<left>340</left>
		<top>100</top>
	</coordinates>
	<controls>
		<control type="group">
			<control type="image">
				<width>600</width>
				<height>475</height>
				<include>dialog_Window</include>
			</control>
			<control type="label">
				<width>532</width>
				<label>$LOCALIZE[250] $LOCALIZE[5]</label>
				<scroll>true</scroll>
				<include>dialog_Windowtitle</include>
			</control>
			<!--no settings-->
			<control type="label" id="3">
				<left>19</left>
				<top>220</top>
				<width>563</width>
				<align>center</align>
				<label>$LOCALIZE[13390]</label>
				<textcolor>Color4</textcolor>
				<font>normal</font>
			</control>
			<control type="image">
				<left>19</left>
				<top>75</top>
				<width>563</width>
				<include>dialog_Separator</include>
			</control>
		<!--control area-->
			<control type="grouplist" id="5">
				<left>19</left>
				<top>75</top>
				<width>563</width>
				<height>320</height>
				<itemgap>0</itemgap>
				<pagecontrol>60</pagecontrol>
				<onleft>60</onleft>
				<onright>60</onright>
				<onup>5</onup>
				<ondown>5</ondown>
				<include>global_ListScroll</include>
			</control>
			<control type="scrollbar" id="60">
				<visible>false</visible>
			</control>
		</control>
		<!--default button-->
		<control type="button" id="7">
			<include>dialog_ControlCommons</include>
		</control>
		<!--default radiobutton-->
		<control type="radiobutton" id="8">
			<include>dialog_Radio</include>
		</control>
		<!--default spincontrol-->
		<control type="spincontrolex" id="9">
			<include>dialog_Spin</include>
		</control>
	</controls>
</window>