<?xml version="1.0" encoding="UTF-8" standalone="yes"?>
<addon id="script.screensaver.logoff" name="Logoff" version="1.1" provider-name="elmerohueso">
  <requires>
    <import addon="xbmc.python" version="2.1.0"/>
  </requires>
  <extension point="xbmc.ui.screensaver" library="addon.py">
	<provides></provides>
  </extension>
  <extension point="xbmc.addon.metadata">
    <platform>all</platform>
    <summary>Log off your XBMC profile</summary>
    <description>Automatically logs off your XBMC profile then puts your device to sleep.</description>
    <disclaimer>Sleep function currently only implemented on Android,</disclaimer>
  </extension>
</addon>
