<?xml version='1.0' encoding='UTF-8' standalone='yes'?>
<addon id="script.watchlist" name="Watchlist" provider-name="BigNoid,Unfledged" version="0.0.2">
	<requires>
		<import addon="xbmc.addon" version="12.0.0"/>
		<import addon="xbmc.json" version="6.0.0"/>
		<import addon="xbmc.python" version="2.1.0"/>
		<import addon="script.module.simplejson" version="2.0.10"/>
	</requires>
	<extension point="xbmc.python.pluginsource" library="default.py" />
	<extension point="xbmc.addon.metadata">
		<description lang="en">Script to provide Watchlist feature for reFocus 1.1.0</description>
		<platform>all</platform>
		<language />
	</extension>
</addon>
