<?xml version="1.0" encoding="UTF-8" standalone="yes"?>
<addon id="script.screensaver.sleepandroid"
  name="Android Power Options"
  version="2.8" 
  provider-name="elmerohueso">
  <requires>
    <import addon="xbmc.python" version="2.1.0"/>
  </requires>
  <extension point="xbmc.ui.screensaver" library="addon.py">
	<provides></provides>
  </extension>
  <extension point="xbmc.addon.metadata">
    <platform>android</platform>
    <summary lang="en">Android Power Options</summary>
    <description lang="en">Offers Sleep and Power Off options for [COLOR red]rooted[/COLOR] Android devices.  Make sure to run the SU Permissions check in Setting and give XBMC [COLOR red]persistent[/COLOR] SuperUser permissions.</description>
  </extension>
</addon>
